{
  "project_info": {
    "project_number": "440447982103",
    "firebase_url": "https://studentss-43836-default-rtdb.firebaseio.com",
    "project_id": "studentss-43836",
    "storage_bucket": "studentss-43836.appspot.com"
  },
  "client": [
    {
      "client_info": {
        "mobilesdk_app_id": "1:440447982103:android:d2f3310ea80ddaf3cd5a52",
        "android_client_info": {
          "package_name": "om.example.projectnew"
        }
      },
      "oauth_client": [],
      "api_key": [
        {
          "current_key": "AIzaSyBU7fyQ1L49xLqBTv_ccZc1yOycnlBJLcc"
        }
      ],
      "services": {
        "appinvite_service": {
          "other_platform_oauth_client": []
        }
      }
    }
  ],
  "configuration_version": "1"
}